benchmark,job_n,mc_n,instance_i,agent_type,action_type,rule,makespan,time
TA,15,15,0,rule,buffer,LTT,1484,0.2561
TA,15,15,0,rule,buffer,MOR,1387,0.2561
TA,15,15,0,rule,buffer,FDD/MWKR,1433,0.2561
TA,15,15,0,rule,buffer,LRPT,1491,0.2561
TA,15,15,0,rule,buffer,SPT,1462,0.2561
TA,15,15,1,rule,buffer,LTT,1439,0.2334
TA,15,15,1,rule,buffer,MOR,1352,0.2334
TA,15,15,1,rule,buffer,FDD/MWKR,1413,0.2334
TA,15,15,1,rule,buffer,LRPT,1440,0.2334
TA,15,15,1,rule,buffer,SPT,1446,0.2334
TA,15,15,2,rule,buffer,LTT,1429,0.1815
TA,15,15,2,rule,buffer,MOR,1445,0.1815
TA,15,15,2,rule,buffer,FDD/MWKR,1423,0.1815
TA,15,15,2,rule,buffer,LRPT,1426,0.1815
TA,15,15,2,rule,buffer,SPT,1495,0.1815
TA,15,15,3,rule,buffer,LTT,1400,0.1664
TA,15,15,3,rule,buffer,MOR,1396,0.1664
TA,15,15,3,rule,buffer,FDD/MWKR,1442,0.1664
TA,15,15,3,rule,buffer,LRPT,1387,0.1664
TA,15,15,3,rule,buffer,SPT,1708,0.1664
TA,15,15,4,rule,buffer,LTT,1443,0.1834
TA,15,15,4,rule,buffer,MOR,1418,0.1834
TA,15,15,4,rule,buffer,FDD/MWKR,1431,0.1834
TA,15,15,4,rule,buffer,LRPT,1494,0.1834
TA,15,15,4,rule,buffer,SPT,1618,0.1834
TA,15,15,5,rule,buffer,LTT,1423,0.1804
TA,15,15,5,rule,buffer,MOR,1389,0.1804
TA,15,15,5,rule,buffer,FDD/MWKR,1398,0.1804
TA,15,15,5,rule,buffer,LRPT,1369,0.1804
TA,15,15,5,rule,buffer,SPT,1522,0.1804
TA,15,15,6,rule,buffer,LTT,1406,0.1764
TA,15,15,6,rule,buffer,MOR,1386,0.1764
TA,15,15,6,rule,buffer,FDD/MWKR,1368,0.1764
TA,15,15,6,rule,buffer,LRPT,1470,0.1764
TA,15,15,6,rule,buffer,SPT,1434,0.1764
TA,15,15,7,rule,buffer,LTT,1508,0.1704
TA,15,15,7,rule,buffer,MOR,1463,0.1704
TA,15,15,7,rule,buffer,FDD/MWKR,1450,0.1704
TA,15,15,7,rule,buffer,LRPT,1491,0.1704
TA,15,15,7,rule,buffer,SPT,1457,0.1704
TA,15,15,8,rule,buffer,LTT,1573,0.1764
TA,15,15,8,rule,buffer,MOR,1544,0.1764
TA,15,15,8,rule,buffer,FDD/MWKR,1603,0.1764
TA,15,15,8,rule,buffer,LRPT,1541,0.1764
TA,15,15,8,rule,buffer,SPT,1622,0.1764
TA,15,15,9,rule,buffer,LTT,1581,0.1861
TA,15,15,9,rule,buffer,MOR,1555,0.1861
TA,15,15,9,rule,buffer,FDD/MWKR,1509,0.1861
TA,15,15,9,rule,buffer,LRPT,1534,0.1861
TA,15,15,9,rule,buffer,SPT,1697,0.1861
TA,20,15,0,rule,buffer,LTT,1570,0.292
TA,20,15,0,rule,buffer,MOR,1720,0.292
TA,20,15,0,rule,buffer,FDD/MWKR,1663,0.292
TA,20,15,0,rule,buffer,LRPT,1685,0.292
TA,20,15,0,rule,buffer,SPT,1865,0.292
TA,20,15,1,rule,buffer,LTT,1619,0.2561
TA,20,15,1,rule,buffer,MOR,1611,0.2561
TA,20,15,1,rule,buffer,FDD/MWKR,1712,0.2561
TA,20,15,1,rule,buffer,LRPT,1707,0.2561
TA,20,15,1,rule,buffer,SPT,1667,0.2561
TA,20,15,2,rule,buffer,LTT,1598,0.2581
TA,20,15,2,rule,buffer,MOR,1605,0.2581
TA,20,15,2,rule,buffer,FDD/MWKR,1644,0.2581
TA,20,15,2,rule,buffer,LRPT,1690,0.2581
TA,20,15,2,rule,buffer,SPT,1802,0.2581
TA,20,15,3,rule,buffer,LTT,1556,0.2521
TA,20,15,3,rule,buffer,MOR,1689,0.2521
TA,20,15,3,rule,buffer,FDD/MWKR,1553,0.2521
TA,20,15,3,rule,buffer,LRPT,1563,0.2521
TA,20,15,3,rule,buffer,SPT,1635,0.2521
TA,20,15,4,rule,buffer,LTT,1642,0.2505
TA,20,15,4,rule,buffer,MOR,1673,0.2505
TA,20,15,4,rule,buffer,FDD/MWKR,1674,0.2505
TA,20,15,4,rule,buffer,LRPT,1696,0.2505
TA,20,15,4,rule,buffer,SPT,1835,0.2505
TA,20,15,5,rule,buffer,LTT,1604,0.2542
TA,20,15,5,rule,buffer,MOR,1613,0.2542
TA,20,15,5,rule,buffer,FDD/MWKR,1608,0.2542
TA,20,15,5,rule,buffer,LRPT,1584,0.2542
TA,20,15,5,rule,buffer,SPT,1965,0.2542
TA,20,15,6,rule,buffer,LTT,1862,0.2352
TA,20,15,6,rule,buffer,MOR,1761,0.2352
TA,20,15,6,rule,buffer,FDD/MWKR,1816,0.2352
TA,20,15,6,rule,buffer,LRPT,1804,0.2352
TA,20,15,6,rule,buffer,SPT,2059,0.2352
TA,20,15,7,rule,buffer,LTT,1732,0.2462
TA,20,15,7,rule,buffer,MOR,1848,0.2462
TA,20,15,7,rule,buffer,FDD/MWKR,1684,0.2462
TA,20,15,7,rule,buffer,LRPT,1751,0.2462
TA,20,15,7,rule,buffer,SPT,1808,0.2462
TA,20,15,8,rule,buffer,LTT,1569,0.2502
TA,20,15,8,rule,buffer,MOR,1643,0.2502
TA,20,15,8,rule,buffer,FDD/MWKR,1590,0.2502
TA,20,15,8,rule,buffer,LRPT,1667,0.2502
TA,20,15,8,rule,buffer,SPT,1789,0.2502
TA,20,15,9,rule,buffer,LTT,1634,0.236
TA,20,15,9,rule,buffer,MOR,1683,0.236
TA,20,15,9,rule,buffer,FDD/MWKR,1611,0.236
TA,20,15,9,rule,buffer,LRPT,1689,0.236
TA,20,15,9,rule,buffer,SPT,1710,0.236
TA,20,20,0,rule,buffer,LTT,2005,0.3438
TA,20,20,0,rule,buffer,MOR,1917,0.3438
TA,20,20,0,rule,buffer,FDD/MWKR,1930,0.3438
TA,20,20,0,rule,buffer,LRPT,2044,0.3438
TA,20,20,0,rule,buffer,SPT,2175,0.3438
TA,20,20,1,rule,buffer,LTT,1885,0.3547
TA,20,20,1,rule,buffer,MOR,1915,0.3547
TA,20,20,1,rule,buffer,FDD/MWKR,1956,0.3547
TA,20,20,1,rule,buffer,LRPT,1914,0.3547
TA,20,20,1,rule,buffer,SPT,1965,0.3547
TA,20,20,2,rule,buffer,LTT,1931,0.3876
TA,20,20,2,rule,buffer,MOR,1818,0.3876
TA,20,20,2,rule,buffer,FDD/MWKR,1833,0.3876
TA,20,20,2,rule,buffer,LRPT,1983,0.3876
TA,20,20,2,rule,buffer,SPT,1933,0.3876
TA,20,20,3,rule,buffer,LTT,1919,0.3622
TA,20,20,3,rule,buffer,MOR,1927,0.3622
TA,20,20,3,rule,buffer,FDD/MWKR,1946,0.3622
TA,20,20,3,rule,buffer,LRPT,1982,0.3622
TA,20,20,3,rule,buffer,SPT,2230,0.3622
TA,20,20,4,rule,buffer,LTT,1873,0.3429
TA,20,20,4,rule,buffer,MOR,1854,0.3429
TA,20,20,4,rule,buffer,FDD/MWKR,1901,0.3429
TA,20,20,4,rule,buffer,LRPT,1941,0.3429
TA,20,20,4,rule,buffer,SPT,1950,0.3429
TA,20,20,5,rule,buffer,LTT,1921,0.3259
TA,20,20,5,rule,buffer,MOR,1960,0.3259
TA,20,20,5,rule,buffer,FDD/MWKR,1997,0.3259
TA,20,20,5,rule,buffer,LRPT,1951,0.3259
TA,20,20,5,rule,buffer,SPT,2188,0.3259
TA,20,20,6,rule,buffer,LTT,1979,0.3397
TA,20,20,6,rule,buffer,MOR,2064,0.3397
TA,20,20,6,rule,buffer,FDD/MWKR,2097,0.3397
TA,20,20,6,rule,buffer,LRPT,2091,0.3397
TA,20,20,6,rule,buffer,SPT,2096,0.3397
TA,20,20,7,rule,buffer,LTT,1869,0.3445
TA,20,20,7,rule,buffer,MOR,1969,0.3445
TA,20,20,7,rule,buffer,FDD/MWKR,1923,0.3445
TA,20,20,7,rule,buffer,LRPT,1997,0.3445
TA,20,20,7,rule,buffer,SPT,1968,0.3445
TA,20,20,8,rule,buffer,LTT,1871,0.3349
TA,20,20,8,rule,buffer,MOR,1974,0.3349
TA,20,20,8,rule,buffer,FDD/MWKR,1892,0.3349
TA,20,20,8,rule,buffer,LRPT,1860,0.3349
TA,20,20,8,rule,buffer,SPT,2166,0.3349
TA,20,20,9,rule,buffer,LTT,1896,0.3548
TA,20,20,9,rule,buffer,MOR,1936,0.3548
TA,20,20,9,rule,buffer,FDD/MWKR,1927,0.3548
TA,20,20,9,rule,buffer,LRPT,1935,0.3548
TA,20,20,9,rule,buffer,SPT,1999,0.3548
TA,30,15,0,rule,buffer,LTT,2146,0.4286
TA,30,15,0,rule,buffer,MOR,2122,0.4286
TA,30,15,0,rule,buffer,FDD/MWKR,2116,0.4286
TA,30,15,0,rule,buffer,LRPT,2134,0.4286
TA,30,15,0,rule,buffer,SPT,2335,0.4286
TA,30,15,1,rule,buffer,LTT,2163,0.4136
TA,30,15,1,rule,buffer,MOR,2161,0.4136
TA,30,15,1,rule,buffer,FDD/MWKR,2273,0.4136
TA,30,15,1,rule,buffer,LRPT,2223,0.4136
TA,30,15,1,rule,buffer,SPT,2432,0.4136
TA,30,15,2,rule,buffer,LTT,2238,0.4044
TA,30,15,2,rule,buffer,MOR,2299,0.4044
TA,30,15,2,rule,buffer,FDD/MWKR,2296,0.4044
TA,30,15,2,rule,buffer,LRPT,2349,0.4044
TA,30,15,2,rule,buffer,SPT,2453,0.4044
TA,30,15,3,rule,buffer,LTT,2071,0.4192
TA,30,15,3,rule,buffer,MOR,2103,0.4192
TA,30,15,3,rule,buffer,FDD/MWKR,2168,0.4192
TA,30,15,3,rule,buffer,LRPT,2245,0.4192
TA,30,15,3,rule,buffer,SPT,2434,0.4192
TA,30,15,4,rule,buffer,LTT,2161,0.412
TA,30,15,4,rule,buffer,MOR,2230,0.412
TA,30,15,4,rule,buffer,FDD/MWKR,2225,0.412
TA,30,15,4,rule,buffer,LRPT,2226,0.412
TA,30,15,4,rule,buffer,SPT,2497,0.412
TA,30,15,5,rule,buffer,LTT,2412,0.4201
TA,30,15,5,rule,buffer,MOR,2216,0.4201
TA,30,15,5,rule,buffer,FDD/MWKR,2186,0.4201
TA,30,15,5,rule,buffer,LRPT,2365,0.4201
TA,30,15,5,rule,buffer,SPT,2445,0.4201
TA,30,15,6,rule,buffer,LTT,2018,0.4256
TA,30,15,6,rule,buffer,MOR,2228,0.4256
TA,30,15,6,rule,buffer,FDD/MWKR,2232,0.4256
TA,30,15,6,rule,buffer,LRPT,2168,0.4256
TA,30,15,6,rule,buffer,SPT,2664,0.4256
TA,30,15,7,rule,buffer,LTT,2005,0.4252
TA,30,15,7,rule,buffer,MOR,2124,0.4252
TA,30,15,7,rule,buffer,FDD/MWKR,1991,0.4252
TA,30,15,7,rule,buffer,LRPT,2050,0.4252
TA,30,15,7,rule,buffer,SPT,2155,0.4252
TA,30,15,8,rule,buffer,LTT,2118,0.4664
TA,30,15,8,rule,buffer,MOR,2130,0.4664
TA,30,15,8,rule,buffer,FDD/MWKR,2154,0.4664
TA,30,15,8,rule,buffer,LRPT,2221,0.4664
TA,30,15,8,rule,buffer,SPT,2477,0.4664
TA,30,15,9,rule,buffer,LTT,2164,0.4034
TA,30,15,9,rule,buffer,MOR,2093,0.4034
TA,30,15,9,rule,buffer,FDD/MWKR,2109,0.4034
TA,30,15,9,rule,buffer,LRPT,2205,0.4034
TA,30,15,9,rule,buffer,SPT,2301,0.4034
TA,30,20,0,rule,buffer,LTT,2583,0.6301
TA,30,20,0,rule,buffer,MOR,2556,0.6301
TA,30,20,0,rule,buffer,FDD/MWKR,2537,0.6301
TA,30,20,0,rule,buffer,LRPT,2620,0.6301
TA,30,20,0,rule,buffer,SPT,2499,0.6301
TA,30,20,1,rule,buffer,LTT,2494,0.6408
TA,30,20,1,rule,buffer,MOR,2480,0.6408
TA,30,20,1,rule,buffer,FDD/MWKR,2388,0.6408
TA,30,20,1,rule,buffer,LRPT,2416,0.6408
TA,30,20,1,rule,buffer,SPT,2710,0.6408
TA,30,20,2,rule,buffer,LTT,2253,0.6856
TA,30,20,2,rule,buffer,MOR,2371,0.6856
TA,30,20,2,rule,buffer,FDD/MWKR,2354,0.6856
TA,30,20,2,rule,buffer,LRPT,2345,0.6856
TA,30,20,2,rule,buffer,SPT,2434,0.6856
TA,30,20,3,rule,buffer,LTT,2459,0.6997
TA,30,20,3,rule,buffer,MOR,2384,0.6997
TA,30,20,3,rule,buffer,FDD/MWKR,2423,0.6997
TA,30,20,3,rule,buffer,LRPT,2544,0.6997
TA,30,20,3,rule,buffer,SPT,2906,0.6997
TA,30,20,4,rule,buffer,LTT,2510,0.653
TA,30,20,4,rule,buffer,MOR,2473,0.653
TA,30,20,4,rule,buffer,FDD/MWKR,2461,0.653
TA,30,20,4,rule,buffer,LRPT,2524,0.653
TA,30,20,4,rule,buffer,SPT,2640,0.653
TA,30,20,5,rule,buffer,LTT,2449,0.636
TA,30,20,5,rule,buffer,MOR,2526,0.636
TA,30,20,5,rule,buffer,FDD/MWKR,2506,0.636
TA,30,20,5,rule,buffer,LRPT,2447,0.636
TA,30,20,5,rule,buffer,SPT,2667,0.636
TA,30,20,6,rule,buffer,LTT,2242,0.6348
TA,30,20,6,rule,buffer,MOR,2295,0.6348
TA,30,20,6,rule,buffer,FDD/MWKR,2400,0.6348
TA,30,20,6,rule,buffer,LRPT,2263,0.6348
TA,30,20,6,rule,buffer,SPT,2620,0.6348
TA,30,20,7,rule,buffer,LTT,2277,0.6739
TA,30,20,7,rule,buffer,MOR,2312,0.6739
TA,30,20,7,rule,buffer,FDD/MWKR,2280,0.6739
TA,30,20,7,rule,buffer,LRPT,2356,0.6739
TA,30,20,7,rule,buffer,SPT,2620,0.6739
TA,30,20,8,rule,buffer,LTT,2463,0.6951
TA,30,20,8,rule,buffer,MOR,2395,0.6951
TA,30,20,8,rule,buffer,FDD/MWKR,2431,0.6951
TA,30,20,8,rule,buffer,LRPT,2382,0.6951
TA,30,20,8,rule,buffer,SPT,2666,0.6951
TA,30,20,9,rule,buffer,LTT,2383,0.657
TA,30,20,9,rule,buffer,MOR,2371,0.657
TA,30,20,9,rule,buffer,FDD/MWKR,2376,0.657
TA,30,20,9,rule,buffer,LRPT,2493,0.657
TA,30,20,9,rule,buffer,SPT,2429,0.657
TA,50,15,0,rule,buffer,LTT,3427,0.8932
TA,50,15,0,rule,buffer,MOR,3447,0.8932
TA,50,15,0,rule,buffer,FDD/MWKR,3486,0.8932
TA,50,15,0,rule,buffer,LRPT,3435,0.8932
TA,50,15,0,rule,buffer,SPT,3856,0.8932
TA,50,15,1,rule,buffer,LTT,3315,0.9085
TA,50,15,1,rule,buffer,MOR,3286,0.9085
TA,50,15,1,rule,buffer,FDD/MWKR,3276,0.9085
TA,50,15,1,rule,buffer,LRPT,3394,0.9085
TA,50,15,1,rule,buffer,SPT,3266,0.9085
TA,50,15,2,rule,buffer,LTT,3034,0.9389
TA,50,15,2,rule,buffer,MOR,3042,0.9389
TA,50,15,2,rule,buffer,FDD/MWKR,3059,0.9389
TA,50,15,2,rule,buffer,LRPT,3098,0.9389
TA,50,15,2,rule,buffer,SPT,3507,0.9389
TA,50,15,3,rule,buffer,LTT,3135,0.9225
TA,50,15,3,rule,buffer,MOR,3174,0.9225
TA,50,15,3,rule,buffer,FDD/MWKR,3053,0.9225
TA,50,15,3,rule,buffer,LRPT,3272,0.9225
TA,50,15,3,rule,buffer,SPT,3142,0.9225
TA,50,15,4,rule,buffer,LTT,3123,0.8486
TA,50,15,4,rule,buffer,MOR,3183,0.8486
TA,50,15,4,rule,buffer,FDD/MWKR,3103,0.8486
TA,50,15,4,rule,buffer,LRPT,3188,0.8486
TA,50,15,4,rule,buffer,SPT,3225,0.8486
TA,50,15,5,rule,buffer,LTT,3046,1.0096
TA,50,15,5,rule,buffer,MOR,3133,1.0096
TA,50,15,5,rule,buffer,FDD/MWKR,3223,1.0096
TA,50,15,5,rule,buffer,LRPT,3134,1.0096
TA,50,15,5,rule,buffer,SPT,3530,1.0096
TA,50,15,6,rule,buffer,LTT,3232,0.896
TA,50,15,6,rule,buffer,MOR,3285,0.896
TA,50,15,6,rule,buffer,FDD/MWKR,3298,0.896
TA,50,15,6,rule,buffer,LRPT,3261,0.896
TA,50,15,6,rule,buffer,SPT,3725,0.896
TA,50,15,7,rule,buffer,LTT,3314,0.9127
TA,50,15,7,rule,buffer,MOR,3380,0.9127
TA,50,15,7,rule,buffer,FDD/MWKR,3311,0.9127
TA,50,15,7,rule,buffer,LRPT,3365,0.9127
TA,50,15,7,rule,buffer,SPT,3365,0.9127
TA,50,15,8,rule,buffer,LTT,3083,0.9735
TA,50,15,8,rule,buffer,MOR,3069,0.9735
TA,50,15,8,rule,buffer,FDD/MWKR,3156,0.9735
TA,50,15,8,rule,buffer,LRPT,3131,0.9735
TA,50,15,8,rule,buffer,SPT,3294,0.9735
TA,50,15,9,rule,buffer,LTT,2978,1.0425
TA,50,15,9,rule,buffer,MOR,3046,1.0425
TA,50,15,9,rule,buffer,FDD/MWKR,3006,1.0425
TA,50,15,9,rule,buffer,LRPT,3122,1.0425
TA,50,15,9,rule,buffer,SPT,3500,1.0425
TA,50,20,0,rule,buffer,LTT,3335,1.4184
TA,50,20,0,rule,buffer,MOR,3298,1.4184
TA,50,20,0,rule,buffer,FDD/MWKR,3429,1.4184
TA,50,20,0,rule,buffer,LRPT,3343,1.4184
TA,50,20,0,rule,buffer,SPT,3606,1.4184
TA,50,20,1,rule,buffer,LTT,3274,1.4917
TA,50,20,1,rule,buffer,MOR,3423,1.4917
TA,50,20,1,rule,buffer,FDD/MWKR,3437,1.4917
TA,50,20,1,rule,buffer,LRPT,3462,1.4917
TA,50,20,1,rule,buffer,SPT,3639,1.4917
TA,50,20,2,rule,buffer,LTT,3171,1.3762
TA,50,20,2,rule,buffer,MOR,3150,1.3762
TA,50,20,2,rule,buffer,FDD/MWKR,3139,1.3762
TA,50,20,2,rule,buffer,LRPT,3233,1.3762
TA,50,20,2,rule,buffer,SPT,3521,1.3762
TA,50,20,3,rule,buffer,LTT,3172,1.3137
TA,50,20,3,rule,buffer,MOR,3081,1.3137
TA,50,20,3,rule,buffer,FDD/MWKR,3122,1.3137
TA,50,20,3,rule,buffer,LRPT,3188,1.3137
TA,50,20,3,rule,buffer,SPT,3447,1.3137
TA,50,20,4,rule,buffer,LTT,3323,1.2568
TA,50,20,4,rule,buffer,MOR,3235,1.2568
TA,50,20,4,rule,buffer,FDD/MWKR,3298,1.2568
TA,50,20,4,rule,buffer,LRPT,3429,1.2568
TA,50,20,4,rule,buffer,SPT,3332,1.2568
TA,50,20,5,rule,buffer,LTT,3221,1.2639
TA,50,20,5,rule,buffer,MOR,3281,1.2639
TA,50,20,5,rule,buffer,FDD/MWKR,3324,1.2639
TA,50,20,5,rule,buffer,LRPT,3287,1.2639
TA,50,20,5,rule,buffer,SPT,3677,1.2639
TA,50,20,6,rule,buffer,LTT,3260,1.3102
TA,50,20,6,rule,buffer,MOR,3245,1.3102
TA,50,20,6,rule,buffer,FDD/MWKR,3251,1.3102
TA,50,20,6,rule,buffer,LRPT,3351,1.3102
TA,50,20,6,rule,buffer,SPT,3487,1.3102
TA,50,20,7,rule,buffer,LTT,3048,1.2432
TA,50,20,7,rule,buffer,MOR,3206,1.2432
TA,50,20,7,rule,buffer,FDD/MWKR,3157,1.2432
TA,50,20,7,rule,buffer,LRPT,3203,1.2432
TA,50,20,7,rule,buffer,SPT,3336,1.2432
TA,50,20,8,rule,buffer,LTT,3496,1.2814
TA,50,20,8,rule,buffer,MOR,3534,1.2814
TA,50,20,8,rule,buffer,FDD/MWKR,3530,1.2814
TA,50,20,8,rule,buffer,LRPT,3550,1.2814
TA,50,20,8,rule,buffer,SPT,3862,1.2814
TA,50,20,9,rule,buffer,LTT,3443,1.2569
TA,50,20,9,rule,buffer,MOR,3588,1.2569
TA,50,20,9,rule,buffer,FDD/MWKR,3384,1.2569
TA,50,20,9,rule,buffer,LRPT,3482,1.2569
TA,50,20,9,rule,buffer,SPT,3801,1.2569
TA,100,20,0,rule,buffer,LTT,5801,3.1732
TA,100,20,0,rule,buffer,MOR,5916,3.1732
TA,100,20,0,rule,buffer,FDD/MWKR,5852,3.1732
TA,100,20,0,rule,buffer,LRPT,6036,3.1732
TA,100,20,0,rule,buffer,SPT,6232,3.1732
TA,100,20,1,rule,buffer,LTT,5414,3.1493
TA,100,20,1,rule,buffer,MOR,5501,3.1493
TA,100,20,1,rule,buffer,FDD/MWKR,5539,3.1493
TA,100,20,1,rule,buffer,LRPT,5583,3.1493
TA,100,20,1,rule,buffer,SPT,5973,3.1493
TA,100,20,2,rule,buffer,LTT,6065,3.1873
TA,100,20,2,rule,buffer,MOR,6125,3.1873
TA,100,20,2,rule,buffer,FDD/MWKR,6217,3.1873
TA,100,20,2,rule,buffer,LRPT,6050,3.1873
TA,100,20,2,rule,buffer,SPT,6482,3.1873
TA,100,20,3,rule,buffer,LTT,5553,3.1688
TA,100,20,3,rule,buffer,MOR,5492,3.1688
TA,100,20,3,rule,buffer,FDD/MWKR,5628,3.1688
TA,100,20,3,rule,buffer,LRPT,5678,3.1688
TA,100,20,3,rule,buffer,SPT,6062,3.1688
TA,100,20,4,rule,buffer,LTT,5970,3.1918
TA,100,20,4,rule,buffer,MOR,6106,3.1918
TA,100,20,4,rule,buffer,FDD/MWKR,6062,3.1918
TA,100,20,4,rule,buffer,LRPT,6029,3.1918
TA,100,20,4,rule,buffer,SPT,6217,3.1918
TA,100,20,5,rule,buffer,LTT,5908,3.1298
TA,100,20,5,rule,buffer,MOR,5829,3.1298
TA,100,20,5,rule,buffer,FDD/MWKR,5851,3.1298
TA,100,20,5,rule,buffer,LRPT,5887,3.1298
TA,100,20,5,rule,buffer,SPT,6370,3.1298
TA,100,20,6,rule,buffer,LTT,5767,3.1446
TA,100,20,6,rule,buffer,MOR,5705,3.1446
TA,100,20,6,rule,buffer,FDD/MWKR,5714,3.1446
TA,100,20,6,rule,buffer,LRPT,5905,3.1446
TA,100,20,6,rule,buffer,SPT,6045,3.1446
TA,100,20,7,rule,buffer,LTT,5700,3.1744
TA,100,20,7,rule,buffer,MOR,5894,3.1744
TA,100,20,7,rule,buffer,FDD/MWKR,5762,3.1744
TA,100,20,7,rule,buffer,LRPT,5700,3.1744
TA,100,20,7,rule,buffer,SPT,6143,3.1744
TA,100,20,8,rule,buffer,LTT,5563,3.1303
TA,100,20,8,rule,buffer,MOR,5594,3.1303
TA,100,20,8,rule,buffer,FDD/MWKR,5667,3.1303
TA,100,20,8,rule,buffer,LRPT,5749,3.1303
TA,100,20,8,rule,buffer,SPT,6018,3.1303
TA,100,20,9,rule,buffer,LTT,5413,3.2442
TA,100,20,9,rule,buffer,MOR,5627,3.2442
TA,100,20,9,rule,buffer,FDD/MWKR,5490,3.2442
TA,100,20,9,rule,buffer,LRPT,5505,3.2442
TA,100,20,9,rule,buffer,SPT,5848,3.2442
LA,10,5,0,rule,buffer,LTT,671,0.0419
LA,10,5,0,rule,buffer,MOR,732,0.0419
LA,10,5,0,rule,buffer,FDD/MWKR,747,0.0419
LA,10,5,0,rule,buffer,LRPT,735,0.0419
LA,10,5,0,rule,buffer,SPT,751,0.0419
LA,10,5,1,rule,buffer,LTT,835,0.0399
LA,10,5,1,rule,buffer,MOR,810,0.0399
LA,10,5,1,rule,buffer,FDD/MWKR,808,0.0399
LA,10,5,1,rule,buffer,LRPT,817,0.0399
LA,10,5,1,rule,buffer,SPT,821,0.0399
LA,10,5,2,rule,buffer,LTT,696,0.0359
LA,10,5,2,rule,buffer,MOR,653,0.0359
LA,10,5,2,rule,buffer,FDD/MWKR,652,0.0359
LA,10,5,2,rule,buffer,LRPT,696,0.0359
LA,10,5,2,rule,buffer,SPT,672,0.0359
LA,10,5,3,rule,buffer,LTT,696,0.0359
LA,10,5,3,rule,buffer,MOR,720,0.0359
LA,10,5,3,rule,buffer,FDD/MWKR,715,0.0359
LA,10,5,3,rule,buffer,LRPT,758,0.0359
LA,10,5,3,rule,buffer,SPT,711,0.0359
LA,10,5,4,rule,buffer,LTT,593,0.0359
LA,10,5,4,rule,buffer,MOR,593,0.0359
LA,10,5,4,rule,buffer,FDD/MWKR,593,0.0359
LA,10,5,4,rule,buffer,LRPT,593,0.0359
LA,10,5,4,rule,buffer,SPT,610,0.0359
LA,15,5,0,rule,buffer,LTT,926,0.0658
LA,15,5,0,rule,buffer,MOR,937,0.0658
LA,15,5,0,rule,buffer,FDD/MWKR,926,0.0658
LA,15,5,0,rule,buffer,LRPT,926,0.0658
LA,15,5,0,rule,buffer,SPT,1200,0.0658
LA,15,5,1,rule,buffer,LTT,960,0.0628
LA,15,5,1,rule,buffer,MOR,944,0.0628
LA,15,5,1,rule,buffer,FDD/MWKR,973,0.0628
LA,15,5,1,rule,buffer,LRPT,970,0.0628
LA,15,5,1,rule,buffer,SPT,1034,0.0628
LA,15,5,2,rule,buffer,LTT,893,0.0588
LA,15,5,2,rule,buffer,MOR,904,0.0588
LA,15,5,2,rule,buffer,FDD/MWKR,980,0.0588
LA,15,5,2,rule,buffer,LRPT,943,0.0588
LA,15,5,2,rule,buffer,SPT,942,0.0588
LA,15,5,3,rule,buffer,LTT,951,0.0628
LA,15,5,3,rule,buffer,MOR,951,0.0628
LA,15,5,3,rule,buffer,FDD/MWKR,951,0.0628
LA,15,5,3,rule,buffer,LRPT,1015,0.0628
LA,15,5,3,rule,buffer,SPT,1045,0.0628
LA,15,5,4,rule,buffer,LTT,958,0.0628
LA,15,5,4,rule,buffer,MOR,958,0.0628
LA,15,5,4,rule,buffer,FDD/MWKR,958,0.0628
LA,15,5,4,rule,buffer,LRPT,966,0.0628
LA,15,5,4,rule,buffer,SPT,1049,0.0628
LA,20,5,0,rule,buffer,LTT,1222,0.0797
LA,20,5,0,rule,buffer,MOR,1222,0.0797
LA,20,5,0,rule,buffer,FDD/MWKR,1238,0.0797
LA,20,5,0,rule,buffer,LRPT,1268,0.0797
LA,20,5,0,rule,buffer,SPT,1473,0.0797
LA,20,5,1,rule,buffer,LTT,1050,0.0817
LA,20,5,1,rule,buffer,MOR,1039,0.0817
LA,20,5,1,rule,buffer,FDD/MWKR,1039,0.0817
LA,20,5,1,rule,buffer,LRPT,1137,0.0817
LA,20,5,1,rule,buffer,SPT,1203,0.0817
LA,20,5,2,rule,buffer,LTT,1189,0.0886
LA,20,5,2,rule,buffer,MOR,1150,0.0886
LA,20,5,2,rule,buffer,FDD/MWKR,1150,0.0886
LA,20,5,2,rule,buffer,LRPT,1166,0.0886
LA,20,5,2,rule,buffer,SPT,1275,0.0886
LA,20,5,3,rule,buffer,LTT,1292,0.0825
LA,20,5,3,rule,buffer,MOR,1292,0.0825
LA,20,5,3,rule,buffer,FDD/MWKR,1292,0.0825
LA,20,5,3,rule,buffer,LRPT,1292,0.0825
LA,20,5,3,rule,buffer,SPT,1427,0.0825
LA,20,5,4,rule,buffer,LTT,1363,0.0817
LA,20,5,4,rule,buffer,MOR,1385,0.0817
LA,20,5,4,rule,buffer,FDD/MWKR,1361,0.0817
LA,20,5,4,rule,buffer,LRPT,1343,0.0817
LA,20,5,4,rule,buffer,SPT,1339,0.0817
LA,10,10,0,rule,buffer,LTT,1073,0.0728
LA,10,10,0,rule,buffer,MOR,1096,0.0728
LA,10,10,0,rule,buffer,FDD/MWKR,1120,0.0728
LA,10,10,0,rule,buffer,LRPT,1054,0.0728
LA,10,10,0,rule,buffer,SPT,1156,0.0728
LA,10,10,1,rule,buffer,LTT,845,0.0688
LA,10,10,1,rule,buffer,MOR,873,0.0688
LA,10,10,1,rule,buffer,FDD/MWKR,836,0.0688
LA,10,10,1,rule,buffer,LRPT,846,0.0688
LA,10,10,1,rule,buffer,SPT,924,0.0688
LA,10,10,2,rule,buffer,LTT,983,0.0827
LA,10,10,2,rule,buffer,MOR,954,0.0827
LA,10,10,2,rule,buffer,FDD/MWKR,1073,0.0827
LA,10,10,2,rule,buffer,LRPT,970,0.0827
LA,10,10,2,rule,buffer,SPT,981,0.0827
LA,10,10,3,rule,buffer,LTT,1000,0.0658
LA,10,10,3,rule,buffer,MOR,975,0.0658
LA,10,10,3,rule,buffer,FDD/MWKR,966,0.0658
LA,10,10,3,rule,buffer,LRPT,1013,0.0658
LA,10,10,3,rule,buffer,SPT,940,0.0658
LA,10,10,4,rule,buffer,LTT,984,0.0757
LA,10,10,4,rule,buffer,MOR,999,0.0757
LA,10,10,4,rule,buffer,FDD/MWKR,975,0.0757
LA,10,10,4,rule,buffer,LRPT,964,0.0757
LA,10,10,4,rule,buffer,SPT,1000,0.0757
LA,15,10,0,rule,buffer,LTT,1230,0.1126
LA,15,10,0,rule,buffer,MOR,1255,0.1126
LA,15,10,0,rule,buffer,FDD/MWKR,1174,0.1126
LA,15,10,0,rule,buffer,LRPT,1264,0.1126
LA,15,10,0,rule,buffer,SPT,1324,0.1126
LA,15,10,1,rule,buffer,LTT,1084,0.1246
LA,15,10,1,rule,buffer,MOR,1188,0.1246
LA,15,10,1,rule,buffer,FDD/MWKR,1084,0.1246
LA,15,10,1,rule,buffer,LRPT,1079,0.1246
LA,15,10,1,rule,buffer,SPT,1180,0.1246
LA,15,10,2,rule,buffer,LTT,1155,0.1126
LA,15,10,2,rule,buffer,MOR,1166,0.1126
LA,15,10,2,rule,buffer,FDD/MWKR,1076,0.1126
LA,15,10,2,rule,buffer,LRPT,1185,0.1126
LA,15,10,2,rule,buffer,SPT,1162,0.1126
LA,15,10,3,rule,buffer,LTT,1085,0.1236
LA,15,10,3,rule,buffer,MOR,1124,0.1236
LA,15,10,3,rule,buffer,FDD/MWKR,1083,0.1236
LA,15,10,3,rule,buffer,LRPT,1101,0.1236
LA,15,10,3,rule,buffer,SPT,1203,0.1236
LA,15,10,4,rule,buffer,LTT,1112,0.113
LA,15,10,4,rule,buffer,MOR,1209,0.113
LA,15,10,4,rule,buffer,FDD/MWKR,1137,0.113
LA,15,10,4,rule,buffer,LRPT,1166,0.113
LA,15,10,4,rule,buffer,SPT,1449,0.113
LA,20,10,0,rule,buffer,LTT,1386,0.1893
LA,20,10,0,rule,buffer,MOR,1406,0.1893
LA,20,10,0,rule,buffer,FDD/MWKR,1414,0.1893
LA,20,10,0,rule,buffer,LRPT,1435,0.1893
LA,20,10,0,rule,buffer,SPT,1498,0.1893
LA,20,10,1,rule,buffer,LTT,1413,0.1804
LA,20,10,1,rule,buffer,MOR,1462,0.1804
LA,20,10,1,rule,buffer,FDD/MWKR,1502,0.1804
LA,20,10,1,rule,buffer,LRPT,1442,0.1804
LA,20,10,1,rule,buffer,SPT,1784,0.1804
LA,20,10,2,rule,buffer,LTT,1468,0.1619
LA,20,10,2,rule,buffer,MOR,1473,0.1619
LA,20,10,2,rule,buffer,FDD/MWKR,1537,0.1619
LA,20,10,2,rule,buffer,LRPT,1487,0.1619
LA,20,10,2,rule,buffer,SPT,1610,0.1619
LA,20,10,3,rule,buffer,LTT,1352,0.1625
LA,20,10,3,rule,buffer,MOR,1341,0.1625
LA,20,10,3,rule,buffer,FDD/MWKR,1389,0.1625
LA,20,10,3,rule,buffer,LRPT,1337,0.1625
LA,20,10,3,rule,buffer,SPT,1556,0.1625
LA,20,10,4,rule,buffer,LTT,1577,0.1684
LA,20,10,4,rule,buffer,MOR,1565,0.1684
LA,20,10,4,rule,buffer,FDD/MWKR,1515,0.1684
LA,20,10,4,rule,buffer,LRPT,1580,0.1684
LA,20,10,4,rule,buffer,SPT,1792,0.1684
LA,30,10,0,rule,buffer,LTT,1903,0.2621
LA,30,10,0,rule,buffer,MOR,1948,0.2621
LA,30,10,0,rule,buffer,FDD/MWKR,1900,0.2621
LA,30,10,0,rule,buffer,LRPT,1931,0.2621
LA,30,10,0,rule,buffer,SPT,1951,0.2621
LA,30,10,1,rule,buffer,LTT,1850,0.2631
LA,30,10,1,rule,buffer,MOR,1894,0.2631
LA,30,10,1,rule,buffer,FDD/MWKR,1948,0.2631
LA,30,10,1,rule,buffer,LRPT,1875,0.2631
LA,30,10,1,rule,buffer,SPT,2165,0.2631
LA,30,10,2,rule,buffer,LTT,1742,0.2551
LA,30,10,2,rule,buffer,MOR,1810,0.2551
LA,30,10,2,rule,buffer,FDD/MWKR,1861,0.2551
LA,30,10,2,rule,buffer,LRPT,1875,0.2551
LA,30,10,2,rule,buffer,SPT,1901,0.2551
LA,30,10,3,rule,buffer,LTT,1825,0.2751
LA,30,10,3,rule,buffer,MOR,1810,0.2751
LA,30,10,3,rule,buffer,FDD/MWKR,1903,0.2751
LA,30,10,3,rule,buffer,LRPT,1935,0.2751
LA,30,10,3,rule,buffer,SPT,2070,0.2751
LA,30,10,4,rule,buffer,LTT,2009,0.2821
LA,30,10,4,rule,buffer,MOR,2069,0.2821
LA,30,10,4,rule,buffer,FDD/MWKR,2043,0.2821
LA,30,10,4,rule,buffer,LRPT,2118,0.2821
LA,30,10,4,rule,buffer,SPT,2118,0.2821
LA,15,15,0,rule,buffer,LTT,1396,0.1924
LA,15,15,0,rule,buffer,MOR,1451,0.1924
LA,15,15,0,rule,buffer,FDD/MWKR,1454,0.1924
LA,15,15,0,rule,buffer,LRPT,1510,0.1924
LA,15,15,0,rule,buffer,SPT,1799,0.1924
LA,15,15,1,rule,buffer,LTT,1584,0.1874
LA,15,15,1,rule,buffer,MOR,1663,0.1874
LA,15,15,1,rule,buffer,FDD/MWKR,1583,0.1874
LA,15,15,1,rule,buffer,LRPT,1588,0.1874
LA,15,15,1,rule,buffer,SPT,1655,0.1874
LA,15,15,2,rule,buffer,LTT,1387,0.1824
LA,15,15,2,rule,buffer,MOR,1435,0.1824
LA,15,15,2,rule,buffer,FDD/MWKR,1421,0.1824
LA,15,15,2,rule,buffer,LRPT,1421,0.1824
LA,15,15,2,rule,buffer,SPT,1404,0.1824
LA,15,15,3,rule,buffer,LTT,1495,0.1914
LA,15,15,3,rule,buffer,MOR,1525,0.1914
LA,15,15,3,rule,buffer,FDD/MWKR,1476,0.1914
LA,15,15,3,rule,buffer,LRPT,1500,0.1914
LA,15,15,3,rule,buffer,SPT,1534,0.1914
LA,15,15,4,rule,buffer,LTT,1400,0.1874
LA,15,15,4,rule,buffer,MOR,1393,0.1874
LA,15,15,4,rule,buffer,FDD/MWKR,1425,0.1874
LA,15,15,4,rule,buffer,LRPT,1440,0.1874
LA,15,15,4,rule,buffer,SPT,1476,0.1874
ABZ,10,10,0,rule,buffer,LTT,1334,0.0777
ABZ,10,10,0,rule,buffer,MOR,1371,0.0777
ABZ,10,10,0,rule,buffer,FDD/MWKR,1334,0.0777
ABZ,10,10,0,rule,buffer,LRPT,1369,0.0777
ABZ,10,10,0,rule,buffer,SPT,1352,0.0777
ABZ,10,10,1,rule,buffer,LTT,989,0.0708
ABZ,10,10,1,rule,buffer,MOR,981,0.0708
ABZ,10,10,1,rule,buffer,FDD/MWKR,1050,0.0708
ABZ,10,10,1,rule,buffer,LRPT,987,0.0708
ABZ,10,10,1,rule,buffer,SPT,1097,0.0708
ABZ,20,15,0,rule,buffer,LTT,746,0.2801
ABZ,20,15,0,rule,buffer,MOR,743,0.2801
ABZ,20,15,0,rule,buffer,FDD/MWKR,765,0.2801
ABZ,20,15,0,rule,buffer,LRPT,779,0.2801
ABZ,20,15,0,rule,buffer,SPT,849,0.2801
ABZ,20,15,1,rule,buffer,LTT,784,0.2731
ABZ,20,15,1,rule,buffer,MOR,776,0.2731
ABZ,20,15,1,rule,buffer,FDD/MWKR,749,0.2731
ABZ,20,15,1,rule,buffer,LRPT,825,0.2731
ABZ,20,15,1,rule,buffer,SPT,929,0.2731
ABZ,20,15,2,rule,buffer,LTT,860,0.2585
ABZ,20,15,2,rule,buffer,MOR,830,0.2585
ABZ,20,15,2,rule,buffer,FDD/MWKR,844,0.2585
ABZ,20,15,2,rule,buffer,LRPT,857,0.2585
ABZ,20,15,2,rule,buffer,SPT,887,0.2585
FT,6,6,0,rule,buffer,LTT,60,0.0227
FT,6,6,0,rule,buffer,MOR,68,0.0227
FT,6,6,0,rule,buffer,FDD/MWKR,67,0.0227
FT,6,6,0,rule,buffer,LRPT,61,0.0227
FT,6,6,0,rule,buffer,SPT,88,0.0227
FT,10,10,0,rule,buffer,LTT,1090,0.0751
FT,10,10,0,rule,buffer,MOR,1173,0.0751
FT,10,10,0,rule,buffer,FDD/MWKR,1097,0.0751
FT,10,10,0,rule,buffer,LRPT,1108,0.0751
FT,10,10,0,rule,buffer,SPT,1074,0.0751
FT,20,5,0,rule,buffer,LTT,1454,0.0797
FT,20,5,0,rule,buffer,MOR,1565,0.0797
FT,20,5,0,rule,buffer,FDD/MWKR,1480,0.0797
FT,20,5,0,rule,buffer,LRPT,1501,0.0797
FT,20,5,0,rule,buffer,SPT,1267,0.0797
ORB,10,10,0,rule,buffer,LTT,1275,0.0688
ORB,10,10,0,rule,buffer,MOR,1344,0.0688
ORB,10,10,0,rule,buffer,FDD/MWKR,1263,0.0688
ORB,10,10,0,rule,buffer,LRPT,1359,0.0688
ORB,10,10,0,rule,buffer,SPT,1478,0.0688
ORB,10,10,1,rule,buffer,LTT,1033,0.0787
ORB,10,10,1,rule,buffer,MOR,1005,0.0787
ORB,10,10,1,rule,buffer,FDD/MWKR,1002,0.0787
ORB,10,10,1,rule,buffer,LRPT,1047,0.0787
ORB,10,10,1,rule,buffer,SPT,1175,0.0787
ORB,10,10,2,rule,buffer,LTT,1283,0.0748
ORB,10,10,2,rule,buffer,MOR,1376,0.0748
ORB,10,10,2,rule,buffer,FDD/MWKR,1323,0.0748
ORB,10,10,2,rule,buffer,LRPT,1247,0.0748
ORB,10,10,2,rule,buffer,SPT,1179,0.0748
ORB,10,10,3,rule,buffer,LTT,1112,0.0777
ORB,10,10,3,rule,buffer,MOR,1224,0.0777
ORB,10,10,3,rule,buffer,FDD/MWKR,1160,0.0777
ORB,10,10,3,rule,buffer,LRPT,1172,0.0777
ORB,10,10,3,rule,buffer,SPT,1236,0.0777
ORB,10,10,4,rule,buffer,LTT,1030,0.0767
ORB,10,10,4,rule,buffer,MOR,1059,0.0767
ORB,10,10,4,rule,buffer,FDD/MWKR,1124,0.0767
ORB,10,10,4,rule,buffer,LRPT,1173,0.0767
ORB,10,10,4,rule,buffer,SPT,1152,0.0767
ORB,10,10,5,rule,buffer,LTT,1277,0.0708
ORB,10,10,5,rule,buffer,MOR,1201,0.0708
ORB,10,10,5,rule,buffer,FDD/MWKR,1250,0.0708
ORB,10,10,5,rule,buffer,LRPT,1291,0.0708
ORB,10,10,5,rule,buffer,SPT,1190,0.0708
ORB,10,10,6,rule,buffer,LTT,473,0.0767
ORB,10,10,6,rule,buffer,MOR,516,0.0767
ORB,10,10,6,rule,buffer,FDD/MWKR,462,0.0767
ORB,10,10,6,rule,buffer,LRPT,483,0.0767
ORB,10,10,6,rule,buffer,SPT,504,0.0767
ORB,10,10,7,rule,buffer,LTT,1049,0.0757
ORB,10,10,7,rule,buffer,MOR,1304,0.0757
ORB,10,10,7,rule,buffer,FDD/MWKR,1118,0.0757
ORB,10,10,7,rule,buffer,LRPT,1180,0.0757
ORB,10,10,7,rule,buffer,SPT,1107,0.0757
ORB,10,10,8,rule,buffer,LTT,1144,0.0787
ORB,10,10,8,rule,buffer,MOR,1164,0.0787
ORB,10,10,8,rule,buffer,FDD/MWKR,1100,0.0787
ORB,10,10,8,rule,buffer,LRPT,1144,0.0787
ORB,10,10,8,rule,buffer,SPT,1262,0.0787
ORB,10,10,9,rule,buffer,LTT,1149,0.0827
ORB,10,10,9,rule,buffer,MOR,1219,0.0827
ORB,10,10,9,rule,buffer,FDD/MWKR,1037,0.0827
ORB,10,10,9,rule,buffer,LRPT,1220,0.0827
ORB,10,10,9,rule,buffer,SPT,1113,0.0827
SWV,20,10,0,rule,buffer,LTT,1919,0.1723
SWV,20,10,0,rule,buffer,MOR,1999,0.1723
SWV,20,10,0,rule,buffer,FDD/MWKR,2014,0.1723
SWV,20,10,0,rule,buffer,LRPT,1988,0.1723
SWV,20,10,0,rule,buffer,SPT,1737,0.1723
SWV,20,10,1,rule,buffer,LTT,1925,0.1694
SWV,20,10,1,rule,buffer,MOR,2222,0.1694
SWV,20,10,1,rule,buffer,FDD/MWKR,2038,0.1694
SWV,20,10,1,rule,buffer,LRPT,1971,0.1694
SWV,20,10,1,rule,buffer,SPT,1706,0.1694
SWV,20,10,2,rule,buffer,LTT,1777,0.1714
SWV,20,10,2,rule,buffer,MOR,1864,0.1714
SWV,20,10,2,rule,buffer,FDD/MWKR,1920,0.1714
SWV,20,10,2,rule,buffer,LRPT,1874,0.1714
SWV,20,10,2,rule,buffer,SPT,1806,0.1714
SWV,20,10,3,rule,buffer,LTT,1907,0.1674
SWV,20,10,3,rule,buffer,MOR,2001,0.1674
SWV,20,10,3,rule,buffer,FDD/MWKR,1982,0.1674
SWV,20,10,3,rule,buffer,LRPT,1879,0.1674
SWV,20,10,3,rule,buffer,SPT,1874,0.1674
SWV,20,10,4,rule,buffer,LTT,1742,0.1622
SWV,20,10,4,rule,buffer,MOR,2016,0.1622
SWV,20,10,4,rule,buffer,FDD/MWKR,1957,0.1622
SWV,20,10,4,rule,buffer,LRPT,1814,0.1622
SWV,20,10,4,rule,buffer,SPT,1922,0.1622
SWV,20,15,0,rule,buffer,LTT,2103,0.2855
SWV,20,15,0,rule,buffer,MOR,2258,0.2855
SWV,20,15,0,rule,buffer,FDD/MWKR,2166,0.2855
SWV,20,15,0,rule,buffer,LRPT,2164,0.2855
SWV,20,15,0,rule,buffer,SPT,2140,0.2855
SWV,20,15,1,rule,buffer,LTT,1999,0.3219
SWV,20,15,1,rule,buffer,MOR,2055,0.3219
SWV,20,15,1,rule,buffer,FDD/MWKR,2064,0.3219
SWV,20,15,1,rule,buffer,LRPT,2115,0.3219
SWV,20,15,1,rule,buffer,SPT,2146,0.3219
SWV,20,15,2,rule,buffer,LTT,2388,0.2721
SWV,20,15,2,rule,buffer,MOR,2513,0.2721
SWV,20,15,2,rule,buffer,FDD/MWKR,2497,0.2721
SWV,20,15,2,rule,buffer,LRPT,2544,0.2721
SWV,20,15,2,rule,buffer,SPT,2231,0.2721
SWV,20,15,3,rule,buffer,LTT,2187,0.2711
SWV,20,15,3,rule,buffer,MOR,2267,0.2711
SWV,20,15,3,rule,buffer,FDD/MWKR,2267,0.2711
SWV,20,15,3,rule,buffer,LRPT,2118,0.2711
SWV,20,15,3,rule,buffer,SPT,2247,0.2711
SWV,20,15,4,rule,buffer,LTT,2203,0.2781
SWV,20,15,4,rule,buffer,MOR,2269,0.2781
SWV,20,15,4,rule,buffer,FDD/MWKR,2326,0.2781
SWV,20,15,4,rule,buffer,LRPT,2300,0.2781
SWV,20,15,4,rule,buffer,SPT,2337,0.2781
SWV,50,10,0,rule,buffer,LTT,4203,0.4849
SWV,50,10,0,rule,buffer,MOR,4490,0.4849
SWV,50,10,0,rule,buffer,FDD/MWKR,4395,0.4849
SWV,50,10,0,rule,buffer,LRPT,4384,0.4849
SWV,50,10,0,rule,buffer,SPT,3714,0.4849
SWV,50,10,1,rule,buffer,LTT,4275,0.4771
SWV,50,10,1,rule,buffer,MOR,4687,0.4771
SWV,50,10,1,rule,buffer,FDD/MWKR,4431,0.4771
SWV,50,10,1,rule,buffer,LRPT,4327,0.4771
SWV,50,10,1,rule,buffer,SPT,3759,0.4771
SWV,50,10,2,rule,buffer,LTT,4381,0.4737
SWV,50,10,2,rule,buffer,MOR,4821,0.4737
SWV,50,10,2,rule,buffer,FDD/MWKR,4449,0.4737
SWV,50,10,2,rule,buffer,LRPT,4389,0.4737
SWV,50,10,2,rule,buffer,SPT,3657,0.4737
SWV,50,10,3,rule,buffer,LTT,4106,0.4724
SWV,50,10,3,rule,buffer,MOR,4652,0.4724
SWV,50,10,3,rule,buffer,FDD/MWKR,4288,0.4724
SWV,50,10,3,rule,buffer,LRPT,4164,0.4724
SWV,50,10,3,rule,buffer,SPT,3506,0.4724
SWV,50,10,4,rule,buffer,LTT,4236,0.5104
SWV,50,10,4,rule,buffer,MOR,4689,0.5104
SWV,50,10,4,rule,buffer,FDD/MWKR,4312,0.5104
SWV,50,10,4,rule,buffer,LRPT,4374,0.5104
SWV,50,10,4,rule,buffer,SPT,3501,0.5104
SWV,50,10,5,rule,buffer,LTT,2924,0.4785
SWV,50,10,5,rule,buffer,MOR,2924,0.4785
SWV,50,10,5,rule,buffer,FDD/MWKR,2924,0.4785
SWV,50,10,5,rule,buffer,LRPT,2924,0.4785
SWV,50,10,5,rule,buffer,SPT,3453,0.4785
SWV,50,10,6,rule,buffer,LTT,2794,0.4773
SWV,50,10,6,rule,buffer,MOR,2796,0.4773
SWV,50,10,6,rule,buffer,FDD/MWKR,2794,0.4773
SWV,50,10,6,rule,buffer,LRPT,2861,0.4773
SWV,50,10,6,rule,buffer,SPT,3082,0.4773
SWV,50,10,7,rule,buffer,LTT,2852,0.4627
SWV,50,10,7,rule,buffer,MOR,2852,0.4627
SWV,50,10,7,rule,buffer,FDD/MWKR,2864,0.4627
SWV,50,10,7,rule,buffer,LRPT,2935,0.4627
SWV,50,10,7,rule,buffer,SPT,3191,0.4627
SWV,50,10,8,rule,buffer,LTT,2945,0.4793
SWV,50,10,8,rule,buffer,MOR,3067,0.4793
SWV,50,10,8,rule,buffer,FDD/MWKR,2854,0.4793
SWV,50,10,8,rule,buffer,LRPT,2979,0.4793
SWV,50,10,8,rule,buffer,SPT,3161,0.4793
SWV,50,10,9,rule,buffer,LTT,2823,0.4553
SWV,50,10,9,rule,buffer,MOR,2823,0.4553
SWV,50,10,9,rule,buffer,FDD/MWKR,2823,0.4553
SWV,50,10,9,rule,buffer,LRPT,2823,0.4553
SWV,50,10,9,rule,buffer,SPT,3125,0.4553
YN,20,20,0,rule,buffer,LTT,1031,0.3423
YN,20,20,0,rule,buffer,MOR,1051,0.3423
YN,20,20,0,rule,buffer,FDD/MWKR,1069,0.3423
YN,20,20,0,rule,buffer,LRPT,1005,0.3423
YN,20,20,0,rule,buffer,SPT,1196,0.3423
YN,20,20,1,rule,buffer,LTT,1068,0.3988
YN,20,20,1,rule,buffer,MOR,1043,0.3988
YN,20,20,1,rule,buffer,FDD/MWKR,1075,0.3988
YN,20,20,1,rule,buffer,LRPT,1081,0.3988
YN,20,20,1,rule,buffer,SPT,1256,0.3988
YN,20,20,2,rule,buffer,LTT,1106,0.3552
YN,20,20,2,rule,buffer,MOR,1045,0.3552
YN,20,20,2,rule,buffer,FDD/MWKR,1089,0.3552
YN,20,20,2,rule,buffer,LRPT,1117,0.3552
YN,20,20,2,rule,buffer,SPT,1042,0.3552
YN,20,20,3,rule,buffer,LTT,1161,0.4101
YN,20,20,3,rule,buffer,MOR,1172,0.4101
YN,20,20,3,rule,buffer,FDD/MWKR,1178,0.4101
YN,20,20,3,rule,buffer,LRPT,1164,0.4101
YN,20,20,3,rule,buffer,SPT,1273,0.4101
DMU,20,15,0,rule,buffer,LTT,3180,0.2542
DMU,20,15,0,rule,buffer,MOR,3130,0.2542
DMU,20,15,0,rule,buffer,FDD/MWKR,3265,0.2542
DMU,20,15,0,rule,buffer,LRPT,3237,0.2542
DMU,20,15,0,rule,buffer,SPT,2981,0.2542
DMU,20,15,1,rule,buffer,LTT,3278,0.2713
DMU,20,15,1,rule,buffer,MOR,3244,0.2713
DMU,20,15,1,rule,buffer,FDD/MWKR,3380,0.2713
DMU,20,15,1,rule,buffer,LRPT,3444,0.2713
DMU,20,15,1,rule,buffer,SPT,3834,0.2713
DMU,20,15,2,rule,buffer,LTT,3290,0.2611
DMU,20,15,2,rule,buffer,MOR,3288,0.2611
DMU,20,15,2,rule,buffer,FDD/MWKR,3358,0.2611
DMU,20,15,2,rule,buffer,LRPT,3411,0.2611
DMU,20,15,2,rule,buffer,SPT,3565,0.2611
DMU,20,15,3,rule,buffer,LTT,3111,0.2551
DMU,20,15,3,rule,buffer,MOR,3158,0.2551
DMU,20,15,3,rule,buffer,FDD/MWKR,3274,0.2551
DMU,20,15,3,rule,buffer,LRPT,3187,0.2551
DMU,20,15,3,rule,buffer,SPT,3303,0.2551
DMU,20,15,4,rule,buffer,LTT,3317,0.2691
DMU,20,15,4,rule,buffer,MOR,3671,0.2691
DMU,20,15,4,rule,buffer,FDD/MWKR,3388,0.2691
DMU,20,15,4,rule,buffer,LRPT,3594,0.2691
DMU,20,15,4,rule,buffer,SPT,3898,0.2691
DMU,20,15,5,rule,buffer,LTT,4264,0.301
DMU,20,15,5,rule,buffer,MOR,4067,0.301
DMU,20,15,5,rule,buffer,FDD/MWKR,4107,0.301
DMU,20,15,5,rule,buffer,LRPT,4262,0.301
DMU,20,15,5,rule,buffer,SPT,4213,0.301
DMU,20,15,6,rule,buffer,LTT,4367,0.279
DMU,20,15,6,rule,buffer,MOR,4555,0.279
DMU,20,15,6,rule,buffer,FDD/MWKR,4388,0.279
DMU,20,15,6,rule,buffer,LRPT,4631,0.279
DMU,20,15,6,rule,buffer,SPT,4217,0.279
DMU,20,15,7,rule,buffer,LTT,4188,0.295
DMU,20,15,7,rule,buffer,MOR,4412,0.295
DMU,20,15,7,rule,buffer,FDD/MWKR,4446,0.295
DMU,20,15,7,rule,buffer,LRPT,4169,0.295
DMU,20,15,7,rule,buffer,SPT,4403,0.295
DMU,20,15,8,rule,buffer,LTT,4467,0.2863
DMU,20,15,8,rule,buffer,MOR,4939,0.2863
DMU,20,15,8,rule,buffer,FDD/MWKR,4741,0.2863
DMU,20,15,8,rule,buffer,LRPT,4435,0.2863
DMU,20,15,8,rule,buffer,SPT,4437,0.2863
DMU,20,15,9,rule,buffer,LTT,4146,0.2719
DMU,20,15,9,rule,buffer,MOR,4403,0.2719
DMU,20,15,9,rule,buffer,FDD/MWKR,4272,0.2719
DMU,20,15,9,rule,buffer,LRPT,4339,0.2719
DMU,20,15,9,rule,buffer,SPT,3882,0.2719
DMU,20,20,0,rule,buffer,LTT,3797,0.3742
DMU,20,20,0,rule,buffer,MOR,3783,0.3742
DMU,20,20,0,rule,buffer,FDD/MWKR,3796,0.3742
DMU,20,20,0,rule,buffer,LRPT,3949,0.3742
DMU,20,20,0,rule,buffer,SPT,4820,0.3742
DMU,20,20,1,rule,buffer,LTT,3560,0.3598
DMU,20,20,1,rule,buffer,MOR,3745,0.3598
DMU,20,20,1,rule,buffer,FDD/MWKR,3655,0.3598
DMU,20,20,1,rule,buffer,LRPT,3691,0.3598
DMU,20,20,1,rule,buffer,SPT,3802,0.3598
DMU,20,20,2,rule,buffer,LTT,4034,0.3568
DMU,20,20,2,rule,buffer,MOR,3898,0.3568
DMU,20,20,2,rule,buffer,FDD/MWKR,3937,0.3568
DMU,20,20,2,rule,buffer,LRPT,4262,0.3568
DMU,20,20,2,rule,buffer,SPT,4520,0.3568
DMU,20,20,3,rule,buffer,LTT,3721,0.3493
DMU,20,20,3,rule,buffer,MOR,3826,0.3493
DMU,20,20,3,rule,buffer,FDD/MWKR,3812,0.3493
DMU,20,20,3,rule,buffer,LRPT,3708,0.3493
DMU,20,20,3,rule,buffer,SPT,4316,0.3493
DMU,20,20,4,rule,buffer,LTT,3545,0.3559
DMU,20,20,4,rule,buffer,MOR,3526,0.3559
DMU,20,20,4,rule,buffer,FDD/MWKR,3371,0.3559
DMU,20,20,4,rule,buffer,LRPT,3408,0.3559
DMU,20,20,4,rule,buffer,SPT,3555,0.3559
DMU,20,20,5,rule,buffer,LTT,4975,0.3917
DMU,20,20,5,rule,buffer,MOR,4967,0.3917
DMU,20,20,5,rule,buffer,FDD/MWKR,4949,0.3917
DMU,20,20,5,rule,buffer,LRPT,5251,0.3917
DMU,20,20,5,rule,buffer,SPT,5434,0.3917
DMU,20,20,6,rule,buffer,LTT,4860,0.3986
DMU,20,20,6,rule,buffer,MOR,5172,0.3986
DMU,20,20,6,rule,buffer,FDD/MWKR,5132,0.3986
DMU,20,20,6,rule,buffer,LRPT,5025,0.3986
DMU,20,20,6,rule,buffer,SPT,4634,0.3986
DMU,20,20,7,rule,buffer,LTT,4828,0.3857
DMU,20,20,7,rule,buffer,MOR,4831,0.3857
DMU,20,20,7,rule,buffer,FDD/MWKR,4795,0.3857
DMU,20,20,7,rule,buffer,LRPT,5101,0.3857
DMU,20,20,7,rule,buffer,SPT,4835,0.3857
DMU,20,20,8,rule,buffer,LTT,4605,0.3655
DMU,20,20,8,rule,buffer,MOR,4880,0.3655
DMU,20,20,8,rule,buffer,FDD/MWKR,4765,0.3655
DMU,20,20,8,rule,buffer,LRPT,5016,0.3655
DMU,20,20,8,rule,buffer,SPT,4825,0.3655
DMU,20,20,9,rule,buffer,LTT,4742,0.3758
DMU,20,20,9,rule,buffer,MOR,4961,0.3758
DMU,20,20,9,rule,buffer,FDD/MWKR,5132,0.3758
DMU,20,20,9,rule,buffer,LRPT,4807,0.3758
DMU,20,20,9,rule,buffer,SPT,4853,0.3758
DMU,30,15,0,rule,buffer,LTT,4457,0.4037
DMU,30,15,0,rule,buffer,MOR,4520,0.4037
DMU,30,15,0,rule,buffer,FDD/MWKR,4509,0.4037
DMU,30,15,0,rule,buffer,LRPT,4593,0.4037
DMU,30,15,0,rule,buffer,SPT,4462,0.4037
DMU,30,15,1,rule,buffer,LTT,4017,0.4416
DMU,30,15,1,rule,buffer,MOR,4187,0.4416
DMU,30,15,1,rule,buffer,FDD/MWKR,4250,0.4416
DMU,30,15,1,rule,buffer,LRPT,4193,0.4416
DMU,30,15,1,rule,buffer,SPT,4778,0.4416
DMU,30,15,2,rule,buffer,LTT,4419,0.429
DMU,30,15,2,rule,buffer,MOR,4450,0.429
DMU,30,15,2,rule,buffer,FDD/MWKR,4515,0.429
DMU,30,15,2,rule,buffer,LRPT,4571,0.429
DMU,30,15,2,rule,buffer,SPT,4956,0.429
DMU,30,15,3,rule,buffer,LTT,3926,0.4264
DMU,30,15,3,rule,buffer,MOR,4027,0.4264
DMU,30,15,3,rule,buffer,FDD/MWKR,3878,0.4264
DMU,30,15,3,rule,buffer,LRPT,4144,0.4264
DMU,30,15,3,rule,buffer,SPT,4914,0.4264
DMU,30,15,4,rule,buffer,LTT,4252,0.4784
DMU,30,15,4,rule,buffer,MOR,4126,0.4784
DMU,30,15,4,rule,buffer,FDD/MWKR,4050,0.4784
DMU,30,15,4,rule,buffer,LRPT,4375,0.4784
DMU,30,15,4,rule,buffer,SPT,4116,0.4784
DMU,30,15,5,rule,buffer,LTT,5603,0.4448
DMU,30,15,5,rule,buffer,MOR,6342,0.4448
DMU,30,15,5,rule,buffer,FDD/MWKR,5924,0.4448
DMU,30,15,5,rule,buffer,LRPT,5950,0.4448
DMU,30,15,5,rule,buffer,SPT,5833,0.4448
DMU,30,15,6,rule,buffer,LTT,5673,0.4376
DMU,30,15,6,rule,buffer,MOR,6115,0.4376
DMU,30,15,6,rule,buffer,FDD/MWKR,6181,0.4376
DMU,30,15,6,rule,buffer,LRPT,5741,0.4376
DMU,30,15,6,rule,buffer,SPT,5667,0.4376
DMU,30,15,7,rule,buffer,LTT,5832,0.446
DMU,30,15,7,rule,buffer,MOR,6323,0.446
DMU,30,15,7,rule,buffer,FDD/MWKR,6028,0.446
DMU,30,15,7,rule,buffer,LRPT,5830,0.446
DMU,30,15,7,rule,buffer,SPT,5270,0.446
DMU,30,15,8,rule,buffer,LTT,5714,0.4612
DMU,30,15,8,rule,buffer,MOR,6178,0.4612
DMU,30,15,8,rule,buffer,FDD/MWKR,6059,0.4612
DMU,30,15,8,rule,buffer,LRPT,5814,0.4612
DMU,30,15,8,rule,buffer,SPT,5815,0.4612
DMU,30,15,9,rule,buffer,LTT,6138,0.456
DMU,30,15,9,rule,buffer,MOR,6204,0.456
DMU,30,15,9,rule,buffer,FDD/MWKR,6179,0.456
DMU,30,15,9,rule,buffer,LRPT,6167,0.456
DMU,30,15,9,rule,buffer,SPT,5279,0.456
DMU,30,20,0,rule,buffer,LTT,4485,0.6632
DMU,30,20,0,rule,buffer,MOR,4480,0.6632
DMU,30,20,0,rule,buffer,FDD/MWKR,4487,0.6632
DMU,30,20,0,rule,buffer,LRPT,4495,0.6632
DMU,30,20,0,rule,buffer,SPT,4907,0.6632
DMU,30,20,1,rule,buffer,LTT,4626,0.7108
DMU,30,20,1,rule,buffer,MOR,4810,0.7108
DMU,30,20,1,rule,buffer,FDD/MWKR,4694,0.7108
DMU,30,20,1,rule,buffer,LRPT,4999,0.7108
DMU,30,20,1,rule,buffer,SPT,5043,0.7108
DMU,30,20,2,rule,buffer,LTT,4635,0.6438
DMU,30,20,2,rule,buffer,MOR,4536,0.6438
DMU,30,20,2,rule,buffer,FDD/MWKR,4723,0.6438
DMU,30,20,2,rule,buffer,LRPT,4660,0.6438
DMU,30,20,2,rule,buffer,SPT,5890,0.6438
DMU,30,20,3,rule,buffer,LTT,4657,0.6555
DMU,30,20,3,rule,buffer,MOR,4825,0.6555
DMU,30,20,3,rule,buffer,FDD/MWKR,4639,0.6555
DMU,30,20,3,rule,buffer,LRPT,4664,0.6555
DMU,30,20,3,rule,buffer,SPT,4729,0.6555
DMU,30,20,4,rule,buffer,LTT,4498,0.6447
DMU,30,20,4,rule,buffer,MOR,4431,0.6447
DMU,30,20,4,rule,buffer,FDD/MWKR,4405,0.6447
DMU,30,20,4,rule,buffer,LRPT,4510,0.6447
DMU,30,20,4,rule,buffer,SPT,5618,0.6447
DMU,30,20,5,rule,buffer,LTT,6450,0.7402
DMU,30,20,5,rule,buffer,MOR,6973,0.7402
DMU,30,20,5,rule,buffer,FDD/MWKR,6812,0.7402
DMU,30,20,5,rule,buffer,LRPT,6496,0.7402
DMU,30,20,5,rule,buffer,SPT,6244,0.7402
DMU,30,20,6,rule,buffer,LTT,6134,0.6727
DMU,30,20,6,rule,buffer,MOR,6421,0.6727
DMU,30,20,6,rule,buffer,FDD/MWKR,6564,0.6727
DMU,30,20,6,rule,buffer,LRPT,6371,0.6727
DMU,30,20,6,rule,buffer,SPT,6168,0.6727
DMU,30,20,7,rule,buffer,LTT,6379,0.6805
DMU,30,20,7,rule,buffer,MOR,6519,0.6805
DMU,30,20,7,rule,buffer,FDD/MWKR,6442,0.6805
DMU,30,20,7,rule,buffer,LRPT,6556,0.6805
DMU,30,20,7,rule,buffer,SPT,5981,0.6805
DMU,30,20,8,rule,buffer,LTT,6532,0.6712
DMU,30,20,8,rule,buffer,MOR,6746,0.6712
DMU,30,20,8,rule,buffer,FDD/MWKR,6677,0.6712
DMU,30,20,8,rule,buffer,LRPT,6675,0.6712
DMU,30,20,8,rule,buffer,SPT,6077,0.6712
DMU,30,20,9,rule,buffer,LTT,6191,0.7053
DMU,30,20,9,rule,buffer,MOR,6681,0.7053
DMU,30,20,9,rule,buffer,FDD/MWKR,6718,0.7053
DMU,30,20,9,rule,buffer,LRPT,6491,0.7053
DMU,30,20,9,rule,buffer,SPT,6544,0.7053
DMU,40,15,0,rule,buffer,LTT,5179,0.7352
DMU,40,15,0,rule,buffer,MOR,5443,0.7352
DMU,40,15,0,rule,buffer,FDD/MWKR,5058,0.7352
DMU,40,15,0,rule,buffer,LRPT,5332,0.7352
DMU,40,15,0,rule,buffer,SPT,5419,0.7352
DMU,40,15,1,rule,buffer,LTT,5331,0.6828
DMU,40,15,1,rule,buffer,MOR,5137,0.6828
DMU,40,15,1,rule,buffer,FDD/MWKR,5389,0.6828
DMU,40,15,1,rule,buffer,LRPT,5525,0.6828
DMU,40,15,1,rule,buffer,SPT,5661,0.6828
DMU,40,15,2,rule,buffer,LTT,5105,0.6544
DMU,40,15,2,rule,buffer,MOR,5039,0.6544
DMU,40,15,2,rule,buffer,FDD/MWKR,5225,0.6544
DMU,40,15,2,rule,buffer,LRPT,5062,0.6544
DMU,40,15,2,rule,buffer,SPT,5956,0.6544
DMU,40,15,3,rule,buffer,LTT,5072,0.6893
DMU,40,15,3,rule,buffer,MOR,5269,0.6893
DMU,40,15,3,rule,buffer,FDD/MWKR,5257,0.6893
DMU,40,15,3,rule,buffer,LRPT,5258,0.6893
DMU,40,15,3,rule,buffer,SPT,5355,0.6893
DMU,40,15,4,rule,buffer,LTT,4501,0.6981
DMU,40,15,4,rule,buffer,MOR,4548,0.6981
DMU,40,15,4,rule,buffer,FDD/MWKR,4709,0.6981
DMU,40,15,4,rule,buffer,LRPT,4606,0.6981
DMU,40,15,4,rule,buffer,SPT,4743,0.6981
DMU,40,15,5,rule,buffer,LTT,7267,0.6871
DMU,40,15,5,rule,buffer,MOR,7892,0.6871
DMU,40,15,5,rule,buffer,FDD/MWKR,7807,0.6871
DMU,40,15,5,rule,buffer,LRPT,7363,0.6871
DMU,40,15,5,rule,buffer,SPT,6302,0.6871
DMU,40,15,6,rule,buffer,LTT,7146,0.6931
DMU,40,15,6,rule,buffer,MOR,7803,0.6931
DMU,40,15,6,rule,buffer,FDD/MWKR,7695,0.6931
DMU,40,15,6,rule,buffer,LRPT,7297,0.6931
DMU,40,15,6,rule,buffer,SPT,6657,0.6931
DMU,40,15,7,rule,buffer,LTT,7426,0.6783
DMU,40,15,7,rule,buffer,MOR,8016,0.6783
DMU,40,15,7,rule,buffer,FDD/MWKR,7711,0.6783
DMU,40,15,7,rule,buffer,LRPT,7660,0.6783
DMU,40,15,7,rule,buffer,SPT,6578,0.6783
DMU,40,15,8,rule,buffer,LTT,6898,0.7046
DMU,40,15,8,rule,buffer,MOR,7831,0.7046
DMU,40,15,8,rule,buffer,FDD/MWKR,7263,0.7046
DMU,40,15,8,rule,buffer,LRPT,7028,0.7046
DMU,40,15,8,rule,buffer,SPT,7067,0.7046
DMU,40,15,9,rule,buffer,LTT,6951,0.7328
DMU,40,15,9,rule,buffer,MOR,7856,0.7328
DMU,40,15,9,rule,buffer,FDD/MWKR,7801,0.7328
DMU,40,15,9,rule,buffer,LRPT,7066,0.7328
DMU,40,15,9,rule,buffer,SPT,6779,0.7328
DMU,40,20,0,rule,buffer,LTT,5573,0.9812
DMU,40,20,0,rule,buffer,MOR,5738,0.9812
DMU,40,20,0,rule,buffer,FDD/MWKR,5426,0.9812
DMU,40,20,0,rule,buffer,LRPT,5756,0.9812
DMU,40,20,0,rule,buffer,SPT,6244,0.9812
DMU,40,20,1,rule,buffer,LTT,5721,0.9741
DMU,40,20,1,rule,buffer,MOR,5933,0.9741
DMU,40,20,1,rule,buffer,FDD/MWKR,5846,0.9741
DMU,40,20,1,rule,buffer,LRPT,5990,0.9741
DMU,40,20,1,rule,buffer,SPT,6785,0.9741
DMU,40,20,2,rule,buffer,LTT,5634,1.0585
DMU,40,20,2,rule,buffer,MOR,5588,1.0585
DMU,40,20,2,rule,buffer,FDD/MWKR,5484,1.0585
DMU,40,20,2,rule,buffer,LRPT,5711,1.0585
DMU,40,20,2,rule,buffer,SPT,6316,1.0585
DMU,40,20,3,rule,buffer,LTT,5523,0.9521
DMU,40,20,3,rule,buffer,MOR,5774,0.9521
DMU,40,20,3,rule,buffer,FDD/MWKR,5603,0.9521
DMU,40,20,3,rule,buffer,LRPT,5501,0.9521
DMU,40,20,3,rule,buffer,SPT,6468,0.9521
DMU,40,20,4,rule,buffer,LTT,5726,0.9816
DMU,40,20,4,rule,buffer,MOR,5529,0.9816
DMU,40,20,4,rule,buffer,FDD/MWKR,5537,0.9816
DMU,40,20,4,rule,buffer,LRPT,6044,0.9816
DMU,40,20,4,rule,buffer,SPT,5979,0.9816
DMU,40,20,5,rule,buffer,LTT,8171,1.0423
DMU,40,20,5,rule,buffer,MOR,8627,1.0423
DMU,40,20,5,rule,buffer,FDD/MWKR,8664,1.0423
DMU,40,20,5,rule,buffer,LRPT,8265,1.0423
DMU,40,20,5,rule,buffer,SPT,7865,1.0423
DMU,40,20,6,rule,buffer,LTT,7741,0.9902
DMU,40,20,6,rule,buffer,MOR,8465,0.9902
DMU,40,20,6,rule,buffer,FDD/MWKR,8373,0.9902
DMU,40,20,6,rule,buffer,LRPT,7805,0.9902
DMU,40,20,6,rule,buffer,SPT,8559,0.9902
DMU,40,20,7,rule,buffer,LTT,8139,1
DMU,40,20,7,rule,buffer,MOR,8504,1
DMU,40,20,7,rule,buffer,FDD/MWKR,8338,1
DMU,40,20,7,rule,buffer,LRPT,8415,1
DMU,40,20,7,rule,buffer,SPT,8112,1
DMU,40,20,8,rule,buffer,LTT,7617,1.0108
DMU,40,20,8,rule,buffer,MOR,8343,1.0108
DMU,40,20,8,rule,buffer,FDD/MWKR,7977,1.0108
DMU,40,20,8,rule,buffer,LRPT,7760,1.0108
DMU,40,20,8,rule,buffer,SPT,7424,1.0108
DMU,40,20,9,rule,buffer,LTT,7884,1.0893
DMU,40,20,9,rule,buffer,MOR,8394,1.0893
DMU,40,20,9,rule,buffer,FDD/MWKR,8327,1.0893
DMU,40,20,9,rule,buffer,LRPT,8538,1.0893
DMU,40,20,9,rule,buffer,SPT,8303,1.0893
DMU,50,15,0,rule,buffer,LTT,6233,0.9183
DMU,50,15,0,rule,buffer,MOR,6520,0.9183
DMU,50,15,0,rule,buffer,FDD/MWKR,6367,0.9183
DMU,50,15,0,rule,buffer,LRPT,6443,0.9183
DMU,50,15,0,rule,buffer,SPT,6825,0.9183
DMU,50,15,1,rule,buffer,LTT,5927,0.9091
DMU,50,15,1,rule,buffer,MOR,6394,0.9091
DMU,50,15,1,rule,buffer,FDD/MWKR,5927,0.9091
DMU,50,15,1,rule,buffer,LRPT,6091,0.9091
DMU,50,15,1,rule,buffer,SPT,6665,0.9091
DMU,50,15,2,rule,buffer,LTT,5963,0.9399
DMU,50,15,2,rule,buffer,MOR,5866,0.9399
DMU,50,15,2,rule,buffer,FDD/MWKR,5926,0.9399
DMU,50,15,2,rule,buffer,LRPT,6261,0.9399
DMU,50,15,2,rule,buffer,SPT,7073,0.9399
DMU,50,15,3,rule,buffer,LTT,6003,0.9012
DMU,50,15,3,rule,buffer,MOR,5996,0.9012
DMU,50,15,3,rule,buffer,FDD/MWKR,5886,0.9012
DMU,50,15,3,rule,buffer,LRPT,6124,0.9012
DMU,50,15,3,rule,buffer,SPT,6966,0.9012
DMU,50,15,4,rule,buffer,LTT,6142,0.887
DMU,50,15,4,rule,buffer,MOR,6070,0.887
DMU,50,15,4,rule,buffer,FDD/MWKR,5970,0.887
DMU,50,15,4,rule,buffer,LRPT,6120,0.887
DMU,50,15,4,rule,buffer,SPT,6965,0.887
DMU,50,15,5,rule,buffer,LTT,8834,0.9783
DMU,50,15,5,rule,buffer,MOR,9652,0.9783
DMU,50,15,5,rule,buffer,FDD/MWKR,9293,0.9783
DMU,50,15,5,rule,buffer,LRPT,9211,0.9783
DMU,50,15,5,rule,buffer,SPT,8115,0.9783
DMU,50,15,6,rule,buffer,LTT,9290,0.9199
DMU,50,15,6,rule,buffer,MOR,10272,0.9199
DMU,50,15,6,rule,buffer,FDD/MWKR,9618,0.9199
DMU,50,15,6,rule,buffer,LRPT,9371,0.9199
DMU,50,15,6,rule,buffer,SPT,8153,0.9199
DMU,50,15,7,rule,buffer,LTT,8708,0.9469
DMU,50,15,7,rule,buffer,MOR,9798,0.9469
DMU,50,15,7,rule,buffer,FDD/MWKR,9182,0.9469
DMU,50,15,7,rule,buffer,LRPT,8950,0.9469
DMU,50,15,7,rule,buffer,SPT,7952,0.9469
DMU,50,15,8,rule,buffer,LTT,8692,0.9103
DMU,50,15,8,rule,buffer,MOR,9776,0.9103
DMU,50,15,8,rule,buffer,FDD/MWKR,9348,0.9103
DMU,50,15,8,rule,buffer,LRPT,8982,0.9103
DMU,50,15,8,rule,buffer,SPT,7743,0.9103
DMU,50,15,9,rule,buffer,LTT,8619,0.9166
DMU,50,15,9,rule,buffer,MOR,9599,0.9166
DMU,50,15,9,rule,buffer,FDD/MWKR,9172,0.9166
DMU,50,15,9,rule,buffer,LRPT,8758,0.9166
DMU,50,15,9,rule,buffer,SPT,7939,0.9166
DMU,50,20,0,rule,buffer,LTT,6644,1.1795
DMU,50,20,0,rule,buffer,MOR,6655,1.1795
DMU,50,20,0,rule,buffer,FDD/MWKR,6880,1.1795
DMU,50,20,0,rule,buffer,LRPT,6929,1.1795
DMU,50,20,0,rule,buffer,SPT,7445,1.1795
DMU,50,20,1,rule,buffer,LTT,6699,1.2373
DMU,50,20,1,rule,buffer,MOR,6934,1.2373
DMU,50,20,1,rule,buffer,FDD/MWKR,6880,1.2373
DMU,50,20,1,rule,buffer,LRPT,6694,1.2373
DMU,50,20,1,rule,buffer,SPT,7221,1.2373
DMU,50,20,2,rule,buffer,LTT,6648,1.2418
DMU,50,20,2,rule,buffer,MOR,7238,1.2418
DMU,50,20,2,rule,buffer,FDD/MWKR,6996,1.2418
DMU,50,20,2,rule,buffer,LRPT,6900,1.2418
DMU,50,20,2,rule,buffer,SPT,7653,1.2418
DMU,50,20,3,rule,buffer,LTT,6637,1.1984
DMU,50,20,3,rule,buffer,MOR,6329,1.1984
DMU,50,20,3,rule,buffer,FDD/MWKR,6486,1.1984
DMU,50,20,3,rule,buffer,LRPT,6823,1.1984
DMU,50,20,3,rule,buffer,SPT,7078,1.1984
DMU,50,20,4,rule,buffer,LTT,6503,1.2511
DMU,50,20,4,rule,buffer,MOR,6824,1.2511
DMU,50,20,4,rule,buffer,FDD/MWKR,6881,1.2511
DMU,50,20,4,rule,buffer,LRPT,6513,1.2511
DMU,50,20,4,rule,buffer,SPT,7225,1.2511
DMU,50,20,5,rule,buffer,LTT,9615,1.2448
DMU,50,20,5,rule,buffer,MOR,9980,1.2448
DMU,50,20,5,rule,buffer,FDD/MWKR,9896,1.2448
DMU,50,20,5,rule,buffer,LRPT,9778,1.2448
DMU,50,20,5,rule,buffer,SPT,8836,1.2448
DMU,50,20,6,rule,buffer,LTT,9645,1.2316
DMU,50,20,6,rule,buffer,MOR,10519,1.2316
DMU,50,20,6,rule,buffer,FDD/MWKR,10020,1.2316
DMU,50,20,6,rule,buffer,LRPT,9648,1.2316
DMU,50,20,6,rule,buffer,SPT,9154,1.2316
DMU,50,20,7,rule,buffer,LTT,9253,1.3216
DMU,50,20,7,rule,buffer,MOR,10526,1.3216
DMU,50,20,7,rule,buffer,FDD/MWKR,10307,1.3216
DMU,50,20,7,rule,buffer,LRPT,9335,1.3216
DMU,50,20,7,rule,buffer,SPT,8799,1.3216
DMU,50,20,8,rule,buffer,LTT,9626,1.2042
DMU,50,20,8,rule,buffer,MOR,10567,1.2042
DMU,50,20,8,rule,buffer,FDD/MWKR,10426,1.2042
DMU,50,20,8,rule,buffer,LRPT,9774,1.2042
DMU,50,20,8,rule,buffer,SPT,9007,1.2042
DMU,50,20,9,rule,buffer,LTT,9241,1.2928
DMU,50,20,9,rule,buffer,MOR,10358,1.2928
DMU,50,20,9,rule,buffer,FDD/MWKR,9388,1.2928
DMU,50,20,9,rule,buffer,LRPT,9409,1.2928
DMU,50,20,9,rule,buffer,SPT,9004,1.2928
